,depth.x,age,depth_class,depth_class1,code_all,code_all2,code_all1,dC_dAge,%Corg,%N,aCAR,BD.,CN_ratio,d13C,d15N,PAR.,PHI,%T,acid,arom,carbo,aliph,carboArom,carboAliph,carboAcid
1,6,66,0-30,0-30,pal_0-30,pal_0-30,pal_0-30,-1.278161127,56.9142,1.3199,41.46530367,0.15664,43.12008485,-29.43152204,1.205775648,0.046511628,2.576666667,2.52,0.08995,0.0619,0.1312,0.1811,2.119547658,0.724461623,1.458588105
2,8,109,0-30,0-30,pal_0-30,pal_0-30,pal_0-30,-1.297912294,51.762,1.3933,37.59606474,0.15616,37.15064954,-29.58192817,1.477459739,0.046511628,2.436666667,2.37,0.09325,0.0627,0.1471,0.1774,2.346092504,0.829199549,1.577479893
3,10,152,0-30,0-30,pal_0-30,pal_0-30,pal_0-30,-1.180417824,51.3344,1.2966,64.88005781,0.1959,39.59154712,-29.54181987,1.407023123,0.064516129,2.363333333,2.42,0.0768,0.082,0.1341,0.1904,1.635365854,0.704306723,1.74609375
4,12,183,0-30,0-30,pal_0-30,pal_0-30,pal_0-30,-1.170666527,57.7558,1.5647,48.60728128,0.12624,36.91174027,-29.67217185,2.051015043,0.066666667,2.34,2.3,0.0843,0.0656,0.1387,0.174,2.114329268,0.797126437,1.645314353
5,14,213,0-30,0-30,pal_0-30,pal_0-30,pal_0-30,-1.317104744,46.0478,1.2527,27.31657824,0.10678,36.7588409,-29.39141374,2.31263676,0.055555556,1.84,2.3,0.0987,0.0774,0.1612,0.2072,2.082687339,0.777992278,1.633232016
6,16,249,0-30,0-30,pal_0-30,pal_0-30,pal_0-30,-1.050107104,55.0846,1.3659,31.90628379,0.11584466,40.32842814,-29.41146789,2.463572366,0.05,1.373333333,0.92,0.0698,0.0684,0.1035,0.1761,1.513157895,0.587734242,1.482808023
7,18,289,0-30,0-30,pal_0-30,pal_0-30,pal_0-30,-1.256188781,55.7481,1.5084,27.91459407,0.11016,36.95843278,-29.57190109,2.020827921,0.045454545,1.255,0.9,0.1022,0.0736,0.1489,0.2147,2.023097826,0.69352585,1.456947162
8,22,377,0-30,0-30,pal_0-30,pal_0-30,pal_0-30,-1.271319712,54.2386,1.262,20.39814124,0.09214,42.97828843,-29.24100761,1.396960749,0.040816327,1.366666667,2.4,0.0829,0.0641,0.1442,0.1807,2.249609984,0.798007748,1.739445115
9,24,426,0-30,0-30,pal_0-30,pal_0-30,pal_0-30,-1.23689599,56.8051,1.417,10.92431746,0.09423301,40.08828511,-29.62203647,2.040952669,0.020408163,1.363333333,0.8,0.0925,0.0853,0.155,0.2335,1.817116061,0.663811563,1.675675676
10,26,524,0-30,0-30,pal_0-30,pal_0-30,pal_0-30,-1.295424299,55.4523,1.2799,4.425549312,0.05826,43.32549418,-29.55184694,2.07113979,0.01369863,0.73,0.89,0.0842,0.0611,0.114,0.1887,1.865793781,0.604133545,1.35391924
11,28,670,0-30,0-30,pal_0-30,pal_0-30,pal_0-30,-1.264574076,59.2837,1.2834,10.4000548,0.07982,46.19269129,-29.79249675,2.040952669,0.021978022,1.0175,0.5,0.0641,0.047,0.083,0.1191,1.765957447,0.696893367,1.294851794
12,32,852,0-30,0-30,pal_0-30,pal_0-30,pal_0-30,-1.351948073,58.1105,1.1787,34.0095852,0.10242,49.30050055,-30.10333608,1.66864484,0.057142857,1.06,1.38,0.1202,0.0812,0.1759,0.2585,2.166256158,0.680464217,1.463394343
13,34,887,30-50,50-100,pal_30-50,pal_30-50,pal_30-100,-1.325193578,61.6485,1.2524,35.28266952,0.07154,49.22428936,-29.74236137,1.376836001,0.08,1.226666667,1.3,0.1049,0.0683,0.1415,0.2076,2.071742313,0.681599229,1.348903718
14,36,912,30-50,50-100,pal_30-50,pal_30-50,pal_30-100,-1.405876671,62.1458,1.1371,82.63248441,0.0964,54.65288893,-29.76241552,0.86365494,0.137931034,1.4125,1,0.0996,0.0642,0.1281,0.1864,1.995327103,0.68723176,1.286144578
15,40,941,30-50,50-100,pal_30-50,pal_30-50,pal_30-100,-1.333939187,58.26885,1.23705,69.20882659,0.09502,47.10306778,-29.79249675,1.180619713,0.125,1.45,2.1,0.0685,0.0515,0.0975,0.1395,1.893203883,0.698924731,1.423357664
16,42,957,30-50,50-100,pal_30-50,pal_30-50,pal_30-100,-1.328804705,63.4281,1.2833,80.22861799,0.10119,49.42577729,-29.80252382,1.26614989,0.125,1.413333333,1.25,0.119,0.0741,0.1581,0.2298,2.133603239,0.687989556,1.328571429
17,44,973,30-50,50-100,pal_30-50,pal_30-50,pal_30-100,-1.446459948,52.7793,1.0816,73.70101452,0.10473,48.79742973,-29.54181987,0.994465799,0.133333333,1.133333333,0.89,0.069,0.0489,0.0751,0.1298,1.535787321,0.578582435,1.088405797
18,46,988,30-50,50-100,pal_30-50,pal_30-50,pal_30-100,-1.203617064,61.0685,1.0335,68.30511725,0.08948,59.0890179,-29.7323343,0.018415545,0.125,1.29,1.26,0.0819,0.0527,0.0897,0.1459,1.702087287,0.614804661,1.095238095
19,48,1004,30-50,50-100,pal_30-50,pal_30-50,pal_30-100,-1.392649934,53.7389,0.8875,102.3023306,0.12374,60.55087324,-29.45157619,-0.10233294,0.153846154,1.545,1.72,0.0856,0.0875,0.1444,0.2138,1.650285714,0.675397568,1.686915888
20,52,1030,30-50,50-100,pal_30-50,pal_30-50,pal_30-100,-1.225500472,56.6059,0.9766,90.82820983,0.08424,57.96221585,-29.76241552,0.008353171,0.19047619,1.33,2.48,0.0748,0.0509,0.0895,0.1366,1.758349705,0.655197657,1.196524064
21,56,1051,50-150,50-100,pal_50-150,pal_50-150,pal_30-100,-1.290881599,49.1705,0.9876,98.82177822,0.09044,49.78786958,-29.44154911,0.773093576,0.222222222,1.123333333,0.72,0.099,0.0695,0.1345,0.1839,1.935251799,0.731375748,1.358585859
22,58,1060,50-150,50-100,pal_50-150,pal_50-150,pal_30-100,-1.121319397,55.9846,1.2004,113.3928084,0.09452,46.63828724,-29.46160326,1.225900395,0.214285714,NA,NA,0.086,0.0601,0.1091,0.1673,1.81530782,0.652121937,1.268604651
23,64,1088,50-150,50-100,pal_50-150,pal_50-150,pal_30-100,-1.276713028,58.9782,1.2888,97.10170848,0.08232,45.76210428,-29.58192817,1.869892315,0.2,0.613333333,0.4,0.0982,0.0666,0.1326,0.1916,1.990990991,0.692066806,1.350305499
24,66,1098,50-150,50-100,pal_50-150,pal_50-150,pal_30-100,-1.344981232,55.1236,1.2084,79.02519296,0.07168,45.61701423,-29.68219892,1.678707214,0.2,0.606666667,0.72,0.1126,0.0739,0.1461,0.2173,1.97699594,0.672342384,1.297513321
25,68,1108,50-150,50-100,pal_50-150,pal_50-150,pal_30-100,-1.257078165,56.2817,1.2693,107.2372009,0.090504854,44.34073899,-29.76241552,0.793218324,0.210526316,0.91,0.7,0.0857,0.0582,0.1066,0.1683,1.83161512,0.633392751,1.243873979
26,72,1127,50-150,50-100,pal_50-150,pal_50-150,pal_30-100,-1.283488309,61.4602,1.1533,112.0516488,0.0866,53.29073095,-29.7323343,NA,0.210526316,1.595,0.3,0.0993,0.0654,0.1296,0.1936,1.981651376,0.669421488,1.305135952
27,76,1146,50-150,50-100,pal_50-150,pal_50-150,pal_30-100,-1.401582543,54.1628,1.0406,112.9493988,0.093841584,52.04958678,-29.76241552,0.722781708,0.222222222,1.6375,1.92,0.0686,0.0515,0.0901,0.1382,1.749514563,0.65195369,1.313411079
28,80,1164,50-150,50-100,pal_50-150,pal_50-150,pal_30-100,-1.342828467,49.5483,1.1313,152.9983378,0.146673469,43.7976664,-29.60198232,0.964278678,0.210526316,1.9875,3.46,0.0992,0.0773,0.1941,0.1998,2.510996119,0.971471471,1.956653226
29,84,1183,50-150,50-100,pal_50-150,pal_50-150,pal_30-100,-1.12993502,56.5697,1.0801,82.06049873,0.08341,52.37450236,-29.91282165,0.551721354,0.173913043,1.7475,0.87,0.101,0.0732,0.1419,0.2124,1.93852459,0.668079096,1.404950495
30,88,1206,50-150,50-100,pal_50-150,pal_50-150,pal_30-100,-1.290056068,55.3634,1.1354,79.04190031,0.0928,48.76114145,-29.62203647,0.561783728,0.153846154,1.2075,1.7,0.0844,0.063,0.1308,0.1738,2.076190476,0.752589183,1.549763033
31,92,1232,50-150,50-100,pal_50-150,pal_50-150,pal_30-100,-1.262546737,53.4376,1.1598,56.59505015,0.076783784,46.07484049,-29.49168449,NA,0.137931034,1.215,0.96,0.0897,0.0702,0.1332,0.1874,1.897435897,0.710779082,1.484949833
32,96,1261,50-150,50-100,pal_50-150,pal_50-150,pal_30-100,-1.21862941,52.9522,1.2001,39.85143355,0.062088889,44.1231564,-29.70225307,NA,0.121212121,1.015714286,1.3,0.0574,0.0488,0.0803,0.1223,1.645491803,0.656582175,1.398954704
33,108,1360,50-150,50-100,pal_50-150,pal_50-150,pal_30-100,-1.20756,56.1721,1.0308,49.96171262,0.11118,54.49369422,-29.25103468,0.732844081,0.08,0.895,0.9,0.0784,0.0592,0.1132,0.1434,1.912162162,0.789400279,1.443877551
34,112,1410,50-150,100-150,pal_50-150,pal_50-150,pal_100-200,-1.280988912,54.3298,1.1863,41.32494252,0.106488372,45.7976903,-29.39141374,1.628395345,0.071428571,0.65,0.56,0.0868,0.0689,0.123,0.1821,1.785195936,0.675453048,1.417050691
35,116,1466,50-150,100-150,pal_50-150,pal_50-150,pal_100-200,-1.329820655,58.3739,1.2312,41.5442556,0.09252,47.41219948,-29.37135959,1.276212264,0.076923077,0.8,0.82,0.0743,0.0568,0.1154,0.1416,2.031690141,0.814971751,1.553162853
36,120,1518,50-150,100-150,pal_50-150,pal_50-150,pal_100-200,-1.331200341,53.0511,1.1717,36.30907076,0.087263158,45.27703337,-29.57190109,0.994465799,0.078431373,0.935,0.32,0.0872,0.0677,0.1325,0.1746,1.957163959,0.758877434,1.519495413
37,124,1569,50-150,100-150,pal_50-150,pal_50-150,pal_100-200,-1.209815387,57.5371,1.148,36.36688792,0.088488372,50.11942509,-29.48165742,1.91014181,0.071428571,1.235,1.5,0.108,0.0702,0.1577,0.2046,2.246438746,0.770772239,1.460185185
38,128,1625,50-150,100-150,pal_50-150,pal_50-150,pal_100-200,-1.312117353,56.6234,1.106,38.140335,0.092617117,51.1965642,-29.39141374,1.537833981,0.072727273,1.255,1.1,0.0857,0.0601,0.1266,0.1579,2.106489185,0.801773274,1.477246208
39,132,1680,50-150,100-150,pal_50-150,pal_50-150,pal_100-200,-1.291280682,57.1917,0.9726,31.53143746,0.077186047,58.80289944,-29.23098053,1.799455699,0.071428571,1.285,2.02,0.1093,0.079,0.2064,0.2082,2.612658228,0.991354467,1.888380604
40,136,1736,50-150,100-150,pal_50-150,pal_50-150,pal_100-200,-1.333389594,55.4892,1.1525,30.148505,0.08014,48.14681128,-29.88274043,0.763031203,0.06779661,1.36,0.4,0.0838,0.0597,0.1055,0.1566,1.767169179,0.673690932,1.258949881
41,140,1795,50-150,100-150,pal_50-150,pal_50-150,pal_100-200,-1.26541557,60.6797,0.9657,41.8120242,0.093023256,62.83493839,-29.52176572,NA,0.074074074,1.11,1.62,0.09,0.0641,0.119,0.171,1.856474259,0.695906433,1.322222222
42,144,1849,50-150,100-150,pal_50-150,pal_50-150,pal_100-200,-1.38378346,55.5033,1.2045,40.52366525,0.098565217,46.07995019,-29.42149496,1.618332971,0.074074074,1.1525,1.4,0.0436,0.0367,0.0616,0.0856,1.678474114,0.719626168,1.412844037
43,148,1903,50-150,100-150,pal_50-150,pal_50-150,pal_100-200,-1.265737117,51.7618,0.9726,27.96898865,0.072945946,53.22002879,-29.35130544,1.527771608,0.074074074,0.8975,1.02,0.0351,0.0327,0.0394,0.0602,1.204892966,0.65448505,1.122507123
44,152,1957,50-150,100-150,pal_50-150,pal_50-150,pal_100-200,-1.180413263,55.9859,1.1762,28.90531281,0.0697,47.59896276,-29.59195524,1.74914383,0.074074074,0.8775,0.57,0.0971,0.0663,0.1297,0.179,1.956259427,0.724581006,1.335736354
45,156,2011,150-300,150-200,pal_150-300,pal_150-300,pal_100-200,-1.276742674,57.508,1.1336,31.87371518,0.070666667,50.73041637,-29.53179279,1.598208224,0.078431373,0.9575,0.6,0.0819,0.0615,0.1103,0.1551,1.793495935,0.711154094,1.346764347
46,160,2062,150-300,150-200,pal_150-300,pal_150-300,pal_100-200,-1.311453735,60.239,1.1472,40.7802845,0.086314286,52.50958856,-29.48165742,1.628395345,0.078431373,1.005,1.32,0.0958,0.0677,0.1544,0.1808,2.280649926,0.853982301,1.611691023
47,164,2113,150-300,150-200,pal_150-300,pal_150-300,pal_100-200,-1.373733421,53.1913,0.9878,27.12415344,0.066291667,53.84824863,-29.33125129,0.853592566,0.076923077,1.23,1.34,0.1158,0.0781,0.1632,0.2197,2.089628681,0.742831133,1.409326425
48,168,2165,150-300,150-200,pal_150-300,pal_150-300,pal_100-200,-1.213012608,56.4311,1.0859,27.00430977,0.061013333,51.96712404,-29.52176572,-0.957634709,0.078431373,1.2,0.76,0.0974,0.0691,0.1247,0.177,1.80463097,0.704519774,1.280287474
49,172,2216,150-300,150-200,pal_150-300,pal_150-300,pal_100-200,-1.286895334,53.9735,0.9919,29.27092249,0.069145833,54.41425547,-29.45157619,0.742906455,0.078431373,1.24,1.5,0.1124,0.0798,0.168,0.2092,2.105263158,0.803059273,1.494661922
50,176,2267,150-300,150-200,pal_150-300,pal_150-300,pal_100-200,-1.327727182,57.2295,1.0863,34.2208057,0.07026,52.68296051,-29.53179279,0.763031203,0.085106383,1.225,1.2,0.1378,0.0905,0.1858,0.2641,2.053038674,0.703521393,1.348330914
51,180,2314,150-300,150-200,pal_150-300,pal_150-300,pal_100-200,-1.305102621,55.2313,0.9178,41.78247845,0.09078,60.17792547,-29.38138666,0.722781708,0.083333333,1.105,1.5,0.0847,0.0628,0.127,0.1616,2.022292994,0.785891089,1.499409681
52,184,2362,150-300,150-200,pal_150-300,pal_150-300,pal_100-200,-1.259534233,57.5065,1.0761,29.10291342,0.064525253,53.43973608,-29.24100761,1.034715294,0.078431373,1.18,0.7,0.0671,0.0492,0.0836,0.1331,1.699186992,0.628099174,1.245901639
53,188,2413,150-300,150-200,pal_150-300,pal_150-300,pal_100-200,-1.311419528,57.628,1.0308,38.47375758,0.08846,55.90609236,-28.93016827,0.521534233,0.075471698,1.47,1.02,0.0628,0.0484,0.0857,0.1262,1.770661157,0.679080824,1.364649682
54,192,2466,150-300,150-200,pal_150-300,pal_150-300,pal_100-200,-1.314190301,58.7568,1.0382,40.84151909,0.0921,56.59487575,-29.21092638,0.320286758,0.075471698,1.625,1.5,0.0855,0.067,0.1367,0.1725,2.040298507,0.792463768,1.598830409
55,196,2519,150-300,150-200,pal_150-300,pal_150-300,pal_100-200,-1.339932267,55.9587,0.9711,37.0073536,0.08432,57.6240346,-29.24100761,0.280037263,0.078431373,1.795,2.66,0.0774,0.0598,0.127,0.1602,2.123745819,0.792759051,1.640826873
56,200,2570,150-300,150-200,pal_150-300,pal_150-300,pal_100-200,-1.276122385,60.3862,1.0967,91.82398919,0.155862745,55.06173065,-29.58192817,1.326524133,0.097560976,1.8475,1.32,0.1046,0.074,0.182,0.186,2.459459459,0.978494624,1.739961759
57,204,2611,150-300,200-250,pal_150-300,pal_150-300,pal_200-300,-1.377090275,52.2663,0.9243,64.60961394,0.108164175,56.54690036,-29.38138666,0.400785748,0.114285714,1.6125,1.7,0.119,0.0851,0.1949,0.2397,2.290246769,0.813099708,1.637815126
58,208,2646,150-300,200-250,pal_150-300,pal_150-300,pal_200-300,-1.281476933,28.063,0.7658,22.45706975,0.068020202,36.64533821,-29.41146789,3.188063276,0.117647059,1.8175,1.71,0.0748,0.0585,0.1067,0.1497,1.823931624,0.712758851,1.426470588
59,212,2680,150-300,200-250,pal_150-300,pal_150-300,pal_200-300,-0.639968807,59.4928,0.9594,49.45721454,0.07274,62.01042318,-29.28111591,0.873717314,0.114285714,2.1925,1.72,0.0742,0.0546,0.1077,0.154,1.972527473,0.699350649,1.45148248
60,216,2715,150-300,200-250,pal_150-300,pal_150-300,pal_200-300,-1.35671654,48.7511,0.7879,44.40191096,0.07514,61.8747303,-29.25103468,0.62215797,0.121212121,2.145,2.14,0.118,0.082,0.1947,0.2418,2.374390244,0.805210918,1.65
61,220,2748,150-300,200-250,pal_150-300,pal_150-300,pal_200-300,-1.111755098,55.6759,0.887,45.7496824,0.0719,62.76877114,-29.32122421,0.612095596,0.114285714,2.015,3.2,0.0822,0.0624,0.1368,0.1662,2.192307692,0.823104693,1.664233577
62,224,2783,150-300,200-250,pal_150-300,pal_150-300,pal_200-300,-1.269673211,59.9596,1.0155,41.56122192,0.062383838,59.04441162,-29.33125129,0.752968829,0.111111111,1.705,1.52,0.1173,0.0803,0.1623,0.2284,2.02117061,0.710595447,1.383631714
63,228,2819,150-300,200-250,pal_150-300,pal_150-300,pal_200-300,-1.367361782,56.5953,0.9385,50.9163659,0.07872,60.30399574,-29.49168449,1.044777668,0.114285714,1.205,1.2,0.0755,0.0575,0.1046,0.1474,1.819130435,0.70963365,1.385430464
64,232,2854,150-300,200-250,pal_150-300,pal_150-300,pal_200-300,-1.290639869,55.721,1.0144,53.22994353,0.0812,54.93000789,-29.52176572,0.974341051,0.117647059,1.605,0.9,0.0869,0.0617,0.1189,0.1662,1.927066451,0.715403129,1.368239356
65,236,2888,150-300,200-250,pal_150-300,pal_150-300,pal_200-300,-1.270701704,59.3127,1.0129,47.76197534,0.07046,58.55731069,-29.41146789,0.803280698,0.114285714,1.455,1.2,0.1021,0.0699,0.1473,0.1999,2.107296137,0.736868434,1.442703232
66,240,2923,150-300,200-250,pal_150-300,pal_150-300,pal_200-300,-1.35260941,58.8444,1.0013,28.04193781,0.091734694,58.7680016,-29.1206827,0.913966809,0.051948052,1.355,3.12,0.097,0.0721,0.1786,0.1877,2.477115118,0.95151838,1.841237113
67,244,3000,150-300,200-250,pal_150-300,pal_150-300,pal_200-300,-1.341929961,54.5064,1.032,18.0583337,0.06212,52.81627907,-29.45157619,0.873717314,0.053333333,1.255,0.6,0.1247,0.0815,0.1758,0.2282,2.157055215,0.770376862,1.40978348
68,248,3075,150-300,200-250,pal_150-300,pal_150-300,pal_200-300,-1.360896645,60.5538,0.8726,33.92643877,0.105050505,69.39468256,-29.78246967,-0.877135719,0.053333333,1.185,0.5,0.101,0.068,0.1257,0.181,1.848529412,0.694475138,1.244554455
69,252,3150,150-300,200-250,pal_150-300,pal_150-300,pal_200-300,-1.380912346,49.4761,0.7025,21.86628498,0.084708333,70.4286121,-29.86268628,-0.414266526,0.052173913,1.195,0.8,0.1024,0.0659,0.1186,0.1938,1.79969651,0.611971104,1.158203125
70,264,3380,150-300,250-300,pal_150-300,pal_150-300,pal_200-300,-1.128288519,67.6065,1.0866,30.04023849,0.085535354,62.21838763,-29.79249675,-0.152644809,0.051948052,0.7,0.8,0.0516,0.0411,0.0537,0.0962,1.306569343,0.558212058,1.040697674
71,268,3457,150-300,250-300,pal_150-300,pal_150-300,pal_200-300,-1.426806841,65.0057,1.0514,31.57419714,0.0935,61.82775347,-29.90279458,0.05866504,0.051948052,0.715,0.6,0.0939,0.06,0.1072,0.1714,1.786666667,0.625437573,1.141640043
72,272,3534,150-300,250-300,pal_150-300,pal_150-300,pal_200-300,-1.482436671,66.9604,1.1259,33.20350397,0.095454545,59.47277733,-29.61200939,0.209600646,0.051948052,1.07,0.76,0.1314,0.0828,0.158,0.2323,1.90821256,0.680154972,1.202435312
73,276,3611,150-300,250-300,pal_150-300,pal_150-300,pal_200-300,-1.527013054,64.8874,1.1137,28.05867781,0.08216,58.26290743,-29.58192817,0.451097616,0.052631579,1.13,0.7,0.0903,0.0639,0.1166,0.1726,1.824726135,0.675550406,1.291251384
74,280,3687,150-300,250-300,pal_150-300,pal_150-300,pal_200-300,-1.479738873,52.8491,1.0768,21.31183016,0.076619048,49.0797734,-29.49168449,0.843530193,0.052631579,1.16,2.22,0.1179,0.0858,0.2043,0.2255,2.381118881,0.905986696,1.732824427
75,284,3763,150-300,250-300,pal_150-300,pal_150-300,pal_200-300,-1.205208834,57.3764,0.8343,28.84262933,0.101166667,68.77190459,-30.03314656,-0.223081425,0.049689441,1.223333333,0.84,0.1042,0.0739,0.1458,0.1994,1.972936401,0.731193581,1.399232246
76,292,3924,150-300,250-300,pal_150-300,pal_150-300,pal_200-300,-1.308452634,51.9597,1.0808,19.1751537,0.07104,48.07522206,-29.60198232,0.732844081,0.051948052,1.105,0.88,0.11,0.0765,0.1613,0.2073,2.108496732,0.778099373,1.466363636
77,296,4001,150-300,250-300,pal_150-300,pal_150-300,pal_200-300,-1.184926317,46.5264,0.8902,15.10271432,0.061675,52.26510896,-29.45157619,0.380661,0.052631579,NA,1.18,0.1058,0.0749,0.16,0.1908,2.136181575,0.838574423,1.512287335
78,302,4115,150-300,250-300,pal_150-300,pal_150-300,pal_200-300,-1.061021442,55.7415,0.9613,29.92727609,0.07315625,57.98554041,-29.49168449,0.360536253,0.073390036,NA,1.52,0.126,0.0866,0.1919,0.234,2.215935335,0.82008547,1.523015873