landcover,timestep,depth,tea type,code,code_all,code_all1,ml_mean,wrem_mean,d15N,∂15N_change,d13C,∂13C_change,%N,%N_change,%Corg,%C_change,CN_ratio,C:N_change,ABS,abs std. dev,%T,%trans std. dev,%trans_rel,ar_mean,Wt_mean,S_mean,k_mean,asy_mean,ml_g_mean,ml_r_mean,site_pH,site_ORP,site_%DO,site_µS/cm,site_MΩ*cm,site_WC%,site_BD,site_soilTavg,site_WTDavg,site_stdev,precip,acid_rel,arom_rel,carbo_rel,aliph_rel,acid,arom,carbo,aliph,carboArom,carboAliph,carboAcid
AC,3D,8,g,g8,tbi_g,tbi_g8,60.36783132,39.63216868,4.382478362,-2.082419572,-26.76497503,0.72511103,4.4847,-0.96455,46.3008,2.59185,10.32416884,3.56533966,1.4952,0.056220103,3.22,0.438178046,20.58,0.450025561,0.338794806,0.184736302,0.008406614,0.550074968,60.36783132,58.97582317,3.44,419.4,86.3,171,0.0058,86.51058801,0.150835714,26.14147287,-0.151376455,0.288314328,139.9333333,-0.003,-0.006,-0.1455,-0.0554,0.036,0.0655,0.0791,0.1039,1.207633588,0.183,2.197222222
AC,3D,8,r,r8,tbi_r,tbi_r8,58.97582317,41.02417683,1.171231589,-0.038397189,-25.99135187,1.13969687,1.3939,-2.422875,59.7824,-8.781225,42.88858598,6.93157352,0.742,0.008396428,18.1,0.393700394,4.64,0.450025561,0.338794806,0.184736302,0.008406614,0.550074968,60.36783132,58.97582317,3.44,419.4,86.3,171,0.0058,86.51058801,0.150835714,26.14147287,-0.151376455,0.288314328,139.9333333,0.0011,0.0088,-0.0833,-0.0073,0.0503,0.0605,0.1278,0.1214,2.112396694,0.2492,2.540755467
AC,6,8,g,g8,tbi_g,tbi_g8,58.86557187,41.13442813,4.422744779,-2.122685989,-27.13671603,1.09685203,4.6486,-1.12845,47.1867,1.70595,10.15073355,3.73877495,1.4868,0.010521407,3.24,0.089442719,20.56,0.436838403,0.508373323,0.208626081,0.011533818,0.563165875,58.86557187,43.77011476,3.283333333,496.3666667,87.1,222.6666667,0.004733333,82.51524913,0.182228571,25.75559482,-0.052620248,0.23000801,242.8666667,6.00E-04,-0.0103,-0.1465,-0.0591,0.0396,0.0612,0.0781,0.1002,1.276143791,0.1783,1.972222222
AC,6,8,r,r8,tbi_r,tbi_r8,43.77011476,56.22988524,1.141031776,-0.008197376,-26.09182241,1.24016741,1.3132,-2.342175,54.3471,-3.345925,41.38524216,8.43491734,0.8016,0.00427785,15.78,0.178885438,6.96,0.436838403,0.508373323,0.208626081,0.011533818,0.563165875,58.86557187,43.77011476,3.283333333,496.3666667,87.1,222.6666667,0.004733333,82.51524913,0.182228571,25.75559482,-0.052620248,0.23000801,242.8666667,0.0034,0.0052,-0.0875,-0.0042,0.0526,0.0569,0.1236,0.1245,2.172231986,0.2481,2.349809886
AC,12,8,g,g8,tbi_g,tbi_g8,63.74801804,36.25198196,3.838881729,-1.538822939,-27.2974689,1.2576049,4.2404,-0.72025,57.8359,-8.94325,13.63925573,0.25025277,1.744,0.021817424,1.84,0.089442719,21.96,0.472836882,0.376738059,0.143411445,0.003137768,0.547674552,63.74801804,55.57320388,3.47,409.5,52.8,66,0.0152,84.59923659,0.15741,27,-0.062633341,0.203960095,203.4833333,0.023,0.0297,-0.0713,-0.0033,0.062,0.1012,0.1533,0.156,1.514822134,0.3093,2.472580645
AC,12,8,r,r8,tbi_r,tbi_r8,55.57320388,44.42679612,1.151098381,-0.018263981,-25.86074017,1.00908517,1.586,-2.614975,55.6865,-4.685325,35.11128625,14.70887325,1.0022,0.012417729,9.94,0.313049517,12.8,0.472836882,0.376738059,0.143411445,0.003137768,0.547674552,63.74801804,55.57320388,3.47,409.5,52.8,66,0.0152,84.59923659,0.15741,27,-0.062633341,0.203960095,203.4833333,0.002,0.0136,-0.0547,-0.0026,0.0512,0.0653,0.1564,0.1261,2.395099541,0.2825,3.0546875
AC,12,50,g,g50,tbi_g,tbi_g50,75.19419317,24.80580683,2.852354508,-0.552295718,-27.88019803,1.84033403,2.7854,0.73475,58.131,-9.23835,20.86989301,-6.98038451,1.3734,0.014774979,4.26,0.134164079,19.54,0.557672581,0.524232477,-0.010276415,0.005255373,0.445238135,75.19419317,42.44218054,3.27,420.5,50.8,44,0.0227,89.88408303,0.124473333,27.1,-0.062633341,0.203960095,203.4833333,0.0314,1.00E-04,-0.067,0.0085,0.0704,0.0716,0.1576,0.1678,2.201117318,0.3254,2.238636364
AC,3D,50,g,g50,tbi_g,tbi_g50,68.90863188,31.09136812,3.073819802,-0.773761012,-27.46826882,1.42840482,4.1373,-0.61715,58.2878,-9.39515,14.08836681,-0.19885831,1.5214,0.027645976,3,0.223606798,20.8,0.510456675,0.482905879,0.075259648,0.048250871,0.489543325,68.90863188,46.04311938,3.72,429.8,87.4,87,0.0115,91.36294721,0.100262857,26.15366861,-0.151376455,0.288314328,139.9333333,-9.00E-04,-0.0294,-0.1629,-0.0682,0.0381,0.0421,0.0617,0.0911,1.465558195,0.1528,1.619422572
AC,3D,50,r,r50,tbi_r,tbi_r50,46.04311938,53.95688062,-0.288426035,1.421260435,-25.96121071,1.10955571,0.7959,-1.824875,58.3571,-7.355925,73.32215102,-23.50199152,0.4954,0.008142481,31.96,0.594138031,-9.22,0.510456675,0.482905879,0.075259648,0.048250871,0.489543325,68.90863188,46.04311938,3.72,429.8,87.4,87,0.0115,91.36294721,0.100262857,26.15366861,-0.151376455,0.288314328,139.9333333,-0.0151,-0.0193,-0.1574,-0.0577,0.0341,0.0324,0.0537,0.071,1.657407407,0.1247,1.574780059
AC,3W,50,g,g50,tbi_g,tbi_g50,74.76871198,25.23128802,3.114086219,-0.814027429,-28.02085679,1.98099279,2.8932,0.62695,54.4607,-5.56805,18.82369003,-4.93418153,0.9278,0.003834058,11.8,0.122474487,12,0.557355868,0.572906927,-0.00970266,0.016151667,0.442644186,74.76871198,38.18699146,3.46,488.6,91.76666667,155,0.008633333,88.58740375,0.11095,25.57986799,0.047209395,0.050436178,345.8,0.0576,0.0268,-0.022,0.0891,0.0966,0.0983,0.2026,0.2484,2.06103764,0.451,2.097308489
AC,6,50,g,g50,tbi_g,tbi_g50,78.13214651,21.86785349,-1.013221544,3.313280334,-27.92038625,1.88052225,2.7407,0.77945,56.2879,-7.39525,20.53778232,-6.64827382,1.1516,0.003847077,7.06,0.089442719,16.74,0.578838855,0.462486826,-0.048621115,0.014664111,0.421161393,78.13214651,47.79145775,3.46,488.6,91.76666667,155,0.008633333,88.58740375,0.11095,25.81195951,-0.052620248,0.23000801,242.8666667,0.0304,-0.0033,-0.0731,0.0057,0.0694,0.0682,0.1515,0.165,2.221407625,0.3165,2.182997118
AC,6,50,r,r50,tbi_r,tbi_r50,47.79145775,52.20854225,1.060498942,0.072335458,-26.35304582,1.50139082,0.7335,-1.762475,54.1328,-3.131625,73.80068166,-23.98052216,0.5144,0.002607681,30.56,0.194935887,-7.82,0.578838855,0.462486826,-0.048621115,0.014664111,0.421161393,78.13214651,47.79145775,3.46,488.6,91.76666667,155,0.008633333,88.58740375,0.11095,25.81195951,-0.052620248,0.23000801,242.8666667,5.00E-04,-0.0084,-0.1226,-0.0252,0.0497,0.0433,0.0885,0.1035,2.043879908,0.192,1.780684105
BA,12,8,g,g8,tbi_g,tbi_g8,73.84409643,26.15590357,4.61401026,-2.31395147,-27.00610433,0.96624033,5.3329,-1.81275,53.1136,-4.22095,9.959609218,3.929899282,1.3472,0.01578607,4.48,0.178885438,19.32,0.548105544,0.3076998,0.007055175,0.003658366,0.466021654,73.84409643,61.6934887,3.2,431.3,49.8,96,0.004,77.89912372,0.205916667,26.95,-0.286552507,0.16552129,203.4833333,0.0249,0.0443,-0.0929,-0.0017,0.0639,0.1158,0.1317,0.1576,1.137305699,0.2893,2.061032864
BA,12,8,r,r8,tbi_r,tbi_r8,61.6934887,38.3065113,1.060498942,0.072335458,-25.98130482,1.12964982,1.485,-2.513975,53.3624,-2.361225,35.93427609,13.88588341,0.8828,0.019588262,13.1,0.6164414,9.64,0.548105544,0.3076998,0.007055175,0.003658366,0.466021654,73.84409643,61.6934887,3.2,431.3,49.8,96,0.004,77.89912372,0.205916667,26.95,-0.286552507,0.16552129,203.4833333,-0.0159,-0.0159,-0.1423,-0.0568,0.0333,0.0358,0.0688,0.0719,1.921787709,0.1407,2.066066066
BA,3D,8,g,g8,tbi_g,tbi_g8,75.33093715,24.66906285,0.39394,1.90611879,-26.1843197,0.1444557,1.5,2.02015,45,3.89265,30,-16.1104915,0.8706,0.00594138,13.48,0.178885438,10.32,0.558349978,0.420066125,-0.011503583,0.036144872,0.441650022,75.33093715,51.72102716,3.28,458,76.5,239,0.0042,80.34776235,0.183847619,27.83939096,-0.324898903,0.118994183,139.9333333,-3.00E-04,-0.0031,0.1425,0.0532,0.0393,0.0746,0.0821,0.1061,1.100536193,0.1882,2.089058524
BA,3D,8,r,r8,tbi_r,tbi_r8,51.72102716,48.27897284,-1.176763768,2.309598168,-26.56967245,1.71801745,1,-2.028975,45,6.001175,45,4.8201595,0.6596,0.003714835,21.88,0.178885438,0.86,0.558349978,0.420066125,-0.011503583,0.036144872,0.441650022,75.33093715,51.72102716,3.28,458,76.5,239,0.0042,80.34776235,0.183847619,27.83939096,-0.324898903,0.118994183,139.9333333,-0.0099,-0.0038,0.0678,0.0027,0.0591,0.0555,0.1433,0.126,2.581981982,0.2693,2.424703892
BA,3W,8,g,g8,tbi_g,tbi_g8,72.43973589,27.56026411,3.083886407,-0.783827617,-26.89558674,0.85572274,4.9595,-1.43935,50.2066,-1.31395,10.12331888,3.76618962,0.9406,0.019526905,11.48,0.535723809,12.32,0.538220534,0.580093688,0.024962801,0.016832493,0.461779492,72.43973589,37.47210138,3.316666667,487.9,86.56666667,180.6666667,0.0057,81.86627013,0.23864,26.9690906,-0.159850529,0.084031941,345.8,0.0071,-0.0071,-0.1341,-0.0377,0.0461,0.0644,0.0905,0.1216,1.405279503,0.2121,1.963123644
BA,3W,8,r,r8,tbi_r,tbi_r8,37.47210138,62.52789862,1.513496135,-0.380661735,-26.33295171,1.48129671,1.4345,-2.463475,52.6942,-1.693025,36.73349599,13.08666351,0.583,0.011202678,26.14,0.705691151,-3.4,0.538220534,0.580093688,0.024962801,0.016832493,0.461779492,72.43973589,37.47210138,3.316666667,487.9,86.56666667,180.6666667,0.0057,81.86627013,0.23864,26.9690906,-0.159850529,0.084031941,345.8,1.00E-04,0.0145,-0.0914,0.0011,0.0493,0.0662,0.1197,0.1298,1.8081571,0.2495,2.427991886
BA,6,8,g,g8,tbi_g,tbi_g8,76.11856214,23.88143786,5.016674433,-2.716615643,-26.54393984,0.50407584,6.6133,-3.09315,53.1821,-4.28945,8.041688718,5.847819782,0.9396,0.018796276,11.52,0.491934955,12.28,0.565044585,0.425797112,-0.023631494,0.022901354,0.434955415,76.11856214,51.12682086,3.316666667,487.9,86.56666667,180.6666667,0.0057,81.86627013,0.23864,27.32547265,-0.236531588,0.130898066,242.8666667,-0.0061,-5.00E-04,-0.1597,-0.0547,0.0329,0.071,0.0649,0.1046,0.914084507,0.1695,1.972644377
BA,6,8,r,r8,tbi_r,tbi_r8,51.12682086,48.87317914,0.758500813,0.374333587,-26.00139893,1.14974393,1.0689,-2.097875,50.0449,0.956275,46.81906633,3.00109317,0.5494,0.006387488,28.22,0.438178046,-5.48,0.565044585,0.425797112,-0.023631494,0.022901354,0.434955415,76.11856214,51.12682086,3.316666667,487.9,86.56666667,180.6666667,0.0057,81.86627013,0.23864,27.32547265,-0.236531588,0.130898066,242.8666667,0.0026,0.0182,-0.0485,0.0082,0.0518,0.0699,0.1626,0.1369,2.326180258,0.2995,3.138996139
BA,12,50,g,g50,tbi_g,tbi_g50,72.78620615,27.21379385,2.862421112,-0.562362322,-27.5586923,1.5188283,3.0794,0.44075,54.8962,-6.00355,17.82691433,-3.93740583,1.358,0.012308534,4.36,0.134164079,19.44,0.540407922,0.522005894,0.021000142,0.005913802,0.461052203,72.78620615,42.64351759,3.22,410.4,46.6,57,0.0175,85.50398864,0.177593333,27.25,-0.286552507,0.16552129,203.4833333,0.0189,-0.0086,-0.1142,-0.0279,0.0579,0.0629,0.1104,0.1314,1.755166932,0.2418,1.906735751
BA,12,50,r,r50,tbi_r,tbi_r50,42.64351759,57.35648241,0.184704368,0.948130032,-26.29276349,1.44110849,0.9581,-1.987075,50.2411,0.760075,52.43826323,-2.61810373,0.6724,0.011148991,21.26,0.545893763,1.48,0.540407922,0.522005894,0.021000142,0.005913802,0.461052203,72.78620615,42.64351759,3.22,410.4,46.6,57,0.0175,85.50398864,0.177593333,27.25,-0.286552507,0.16552129,203.4833333,0.0051,0.0038,-0.0932,-0.0039,0.0543,0.0555,0.1179,0.1248,2.124324324,0.2427,2.171270718
BA,3D,50,g,g50,tbi_g,tbi_g50,61.2034249,38.7965751,5.102427768,-2.802368978,-27.22366696,1.18380296,4,-0.47985,45,3.89265,11.25,2.6395085,1.027,0.003391165,9.4,0.070710678,14.4,0.453603027,0.576430587,0.178255387,0.030165614,0.546396973,61.2034249,37.8093756,3.57,447.4,88.6,122,0.0082,90.35275579,0.096207143,27.23316913,-0.324898903,0.118994183,139.9333333,-0.0161,-0.0223,0.1091,0.0177,0.0551,0.0938,0.1155,0.1416,1.231343284,0.2571,2.096188748
BA,3W,50,g,g50,tbi_g,tbi_g50,69.76760217,30.23239783,2.721488652,-0.421429862,-27.30751595,1.26765195,4.2377,-0.71755,59.7955,-10.90285,14.11036647,-0.22085797,0.7966,0.007092249,15.98,0.294957624,7.82,0.516903797,0.598268936,0.063580077,0.016682486,0.483096232,69.76760217,35.85360994,3.36,488.75,94.5,128.5,0.00785,91.32633784,0.11416,27.25,-0.159850529,0.084031941,345.8,0.0397,0.0346,-0.0412,0.0563,0.0787,0.1061,0.1834,0.2156,1.728557964,0.399,2.330368488
BA,3W,50,r,r50,tbi_r,tbi_r50,35.85360994,64.14639006,0.768567417,0.364266983,-26.32290466,1.47124966,0.9493,-1.978275,53.5133,-2.512125,56.37132624,-6.55116674,0.517,0.007968689,30.42,0.558569602,-7.68,0.516903797,0.598268936,0.063580077,0.016682486,0.483096232,69.76760217,35.85360994,3.36,488.75,94.5,128.5,0.00785,91.32633784,0.11416,27.25,-0.159850529,0.084031941,345.8,-0.0138,-0.013,-0.1494,-0.0491,0.0354,0.0387,0.0617,0.0796,1.594315245,0.1413,1.742937853
BA,6,50,g,g50,tbi_g,tbi_g50,71.36741137,28.63258863,3.315418306,-1.015359516,-26.93577495,0.89591095,4.5849,-1.06475,49.2034,-0.31075,10.73161901,3.15788949,1.2716,0.010968136,5.36,0.134164079,18.44,0.529051987,0.554407896,0.041572488,0.010259559,0.470966541,71.36741137,39.72834053,3.36,488.75,94.5,128.5,0.00785,91.32633784,0.11416,27.25,-0.236531588,0.130898066,242.8666667,0.0101,0.023,-0.1131,-0.0342,0.0491,0.0945,0.1115,0.1251,1.17989418,0.2366,2.270875764
BA,6,50,r,r50,tbi_r,tbi_r50,39.72834053,60.27165947,0.667901374,0.464933026,-26.04158714,1.18993214,0.9165,-1.945475,58.7245,-7.723325,64.07474086,-14.25458136,0.4756,0.003714835,33.48,0.294957624,-10.74,0.529051987,0.554407896,0.041572488,0.010259559,0.470966541,71.36741137,39.72834053,3.36,488.75,94.5,128.5,0.00785,91.32633784,0.11416,27.25,-0.236531588,0.130898066,242.8666667,-0.0034,0.0087,-0.0914,-0.0054,0.0458,0.0604,0.1197,0.1233,1.981788079,0.243,2.613537118
F0Km,3D,8,g,g8,tbi_g,tbi_g8,66.6511198,33.3488802,3.5,-1.19994121,-27,0.960136,5.382165605,-1.862015605,50.53503185,-1.64238185,9.389349113,4.500159387,1.2708,0.020017492,5.36,0.250998008,18.44,0.493300544,0.407236713,0.106339594,0.017792616,0.506699465,66.6511198,52.94888073,3.52,433.1,82.2,149,0.0067,82.72575897,0.165985714,25.88,-0.668,2.96E-14,139.9333333,0.0085,0.0141,-0.1126,-0.0347,0.0475,0.0856,0.112,0.1246,1.308411215,0.2366,2.357894737
F0Km,3D,8,r,r8,tbi_r,tbi_r8,52.94888073,47.05111927,1,0.1328344,-26.1,1.248345,1.278145695,-2.307120695,50.05298013,0.94819487,39.16062177,10.65953773,0.6662,0.00626099,21.54,0.313049517,1.2,0.493300544,0.407236713,0.106339594,0.017792616,0.506699465,66.6511198,52.94888073,3.52,433.1,82.2,149,0.0067,82.72575897,0.165985714,25.88,-0.668,2.96E-14,139.9333333,0.0076,0.0182,-0.0454,0.0132,0.0568,0.0699,0.1657,0.1419,2.370529328,0.3076,2.917253521
F0Km,3W,8,g,g8,tbi_g,tbi_g8,58.02824561,41.97175439,3.1,-0.79994121,-27.2,1.160136,4.966442953,-1.446292953,49.96644295,-1.07379295,10.06081081,3.82869769,1.2448,0.035758915,5.7,0.504975247,18.1,0.431645802,0.602761902,0.218032967,0.028103609,0.568354198,58.02824561,35.39341053,3.096666667,450.2333333,74.3,227.3333333,0.005933333,82.72575897,0.165985714,25.82,-0.00320937,0.130795084,345.8,-9.00E-04,-0.0044,-0.1389,-0.0526,0.0381,0.0671,0.0857,0.1067,1.277198212,0.1924,2.249343832
F0Km,3W,8,r,r8,tbi_r,tbi_r8,35.39341053,64.60658947,1,0.1328344,-26.2,1.348345,1.535714286,-2.564689286,49.5,1.501175,32.23255813,17.58760137,0.7166,0.008173127,19.2,0.393700394,3.54,0.431645802,0.602761902,0.218032967,0.028103609,0.568354198,58.02824561,35.39341053,3.096666667,450.2333333,74.3,227.3333333,0.005933333,82.72575897,0.165985714,25.82,-0.00320937,0.130795084,345.8,0.0012,0.0261,-0.0457,0.0124,0.0504,0.0778,0.1654,0.1411,2.12596401,0.3065,3.281746032
F0Km,6,8,g,g8,tbi_g,tbi_g8,74.90132005,25.09867995,4,-1.69994121,-27.4,1.360136,5.164634146,-1.644484146,52.58536585,-3.69271585,10.18181818,3.70769032,1.172,0.017944358,6.72,0.268328157,17.08,0.56139791,0.432031019,-0.017025199,0.024709739,0.43860209,74.90132005,50.62859195,3.096666667,450.2333333,74.3,227.3333333,0.005933333,82.72575897,0.165985714,25.82,-0.495026634,0.29924321,242.8666667,0.0177,0.0327,-0.0917,-0.0044,0.0567,0.1042,0.1329,0.1549,1.275431862,0.2878,2.343915344
F0Km,6,8,r,r8,tbi_r,tbi_r8,50.62859195,49.37140805,0.7,0.4328344,-26.2,1.348345,1.286624204,-2.315599204,47.84076433,3.16041067,37.18316831,12.63699119,0.8424,0.005813777,14.38,0.178885438,8.36,0.56139791,0.432031019,-0.017025199,0.024709739,0.43860209,74.90132005,50.62859195,3.096666667,450.2333333,74.3,227.3333333,0.005933333,82.72575897,0.165985714,25.82,-0.495026634,0.29924321,242.8666667,-0.0076,-0.0039,-0.0886,-0.0284,0.0416,0.0478,0.1225,0.1003,2.562761506,0.2228,2.944711538
F0Km,12,50,g,g50,tbi_g,tbi_g50,71.30499144,28.69500856,2.761755069,-0.461696279,-27.33765711,1.29779311,3.6853,-0.16515,45.6603,3.23235,12.38984615,1.49966235,1.4212,0.030244008,3.8,0.291547595,20,0.525944465,0.485222157,0.047202057,0.010554155,0.474069254,71.30499144,45.85946246,3.22,457.8666667,78.63333333,118.6666667,0.008866667,88.1396416,0.143826667,25.84742778,-0.367667744,0.87263112,203.4833333,0.0227,0.0067,-0.0893,-0.0177,0.0617,0.0782,0.1353,0.1416,1.730179028,0.2769,2.19286872
F0Km,12,50,r,r50,tbi_r,tbi_r50,45.85946246,54.14053754,-0.016627718,1.149462118,-25.93106955,1.07941455,0.6845,-1.713475,54.3952,-3.394025,79.46705625,-29.64689675,0.7364,0.014774979,18.36,0.642650761,4.38,0.525944465,0.485222157,0.047202057,0.010554155,0.474069254,71.30499144,45.85946246,3.22,457.8666667,78.63333333,118.6666667,0.008866667,88.1396416,0.143826667,25.84742778,-0.367667744,0.87263112,203.4833333,0.0251,0.0303,-0.0112,0.0397,0.0743,0.082,0.1999,0.1684,2.437804878,0.3683,2.690444145
F0Km,3D,50,g,g50,tbi_g,tbi_g50,71.91748627,28.08251373,3,-0.69994121,-27.4,1.360136,4.570469799,-1.050319799,49.83221477,-0.93956477,10.9030837,2.9864248,1.1492,0.008526429,7.06,0.134164079,16.74,0.534464469,0.488394432,0.031767267,0.035021385,0.465535531,71.91748627,45.45011428,3.34,444,81.4,94,0.0106,92.47002471,0.070292857,25.98373206,-0.668,2.96E-14,139.9333333,0.0106,0.0095,-0.1171,-0.0333,0.0496,0.081,0.1075,0.126,1.327160494,0.2335,2.16733871
F0Km,3D,50,r,r50,tbi_r,tbi_r50,45.45011428,54.54988572,1.4,-0.2671656,-26.1,1.248345,1.634482759,-2.663457759,48.31724138,2.68393362,29.56118143,20.25897807,0.8692,0.008526429,13.52,0.268328157,9.22,0.534464469,0.488394432,0.031767267,0.035021385,0.465535531,71.91748627,45.45011428,3.34,444,81.4,94,0.0106,92.47002471,0.070292857,25.98373206,-0.668,2.96E-14,139.9333333,0.0044,0.0235,-0.0493,0.0207,0.0536,0.0752,0.1618,0.1494,2.151595745,0.3112,3.018656716
F0Km,3W,50,g,g50,tbi_g,tbi_g50,67.01021405,32.98978595,2.7,-0.39994121,-27.3,1.260136,4.675862069,-1.155712069,45.24827586,3.64437414,9.67699115,4.21251735,0.7462,0.006300794,17.92,0.268328157,5.88,0.496020522,0.611423584,0.101412098,0.016996073,0.503979499,67.01021405,34.65864616,3.32,437,88.4,115,0.0087,92.47002471,0.070292857,25.92832722,-0.00320937,0.130795084,345.8,0.0266,0.0286,-0.0711,0.0241,0.0656,0.1001,0.1535,0.1834,1.533466533,0.3369,2.339939024
F0Km,3W,50,r,r50,tbi_r,tbi_r50,34.65864616,65.34135384,1.3,-0.1671656,-26.5,1.648345,1.6,-2.628975,47.21333333,3.78784167,29.50833333,20.31182617,0.6294,0.004722288,23.46,0.250998008,-0.72,0.496020522,0.611423584,0.101412098,0.016996073,0.503979499,67.01021405,34.65864616,3.32,437,88.4,115,0.0087,92.47002471,0.070292857,25.92832722,-0.00320937,0.130795084,345.8,0.0056,0.034,-0.0359,0.0246,0.0548,0.0857,0.1752,0.1533,2.044340723,0.3285,3.197080292
F0Km,6,50,g,g50,tbi_g,tbi_g50,61.26383105,38.73616895,3.4,-1.09994121,-27.2,1.160136,5.448275862,-1.928125862,49.36551724,-0.47286724,9.060759494,4.828749006,1.1588,0.008288546,6.96,0.134164079,16.84,0.453673455,0.502895753,0.1781278,0.013034494,0.546327536,61.26383105,44.22493596,3.32,437,88.4,115,0.0087,92.47002471,0.070292857,25.96133637,-0.495026634,0.29924321,242.8666667,0.0146,0.0342,-0.1085,-0.0098,0.0536,0.1057,0.1161,0.1495,1.098391675,0.2656,2.166044776
F0Km,6,50,r,r50,tbi_r,tbi_r50,44.22493596,55.77506404,-0.3,1.4328344,-26.4,1.548345,1.367741935,-2.396716935,46.65806452,4.34311048,34.11320756,15.70695194,0.7556,0.005458938,17.54,0.207364414,5.2,0.453673455,0.502895753,0.1781278,0.013034494,0.546327536,61.26383105,44.22493596,3.32,437,88.4,115,0.0087,92.47002471,0.070292857,25.96133637,-0.495026634,0.29924321,242.8666667,0.0058,0.03,-0.0388,0.0247,0.055,0.0817,0.1723,0.1534,2.108935129,0.3257,3.132727273
H0S0,12,8,g,g8,tbi_g,tbi_g8,60.51981209,39.48018791,5.238139727,-2.938080937,-27.37784533,1.33798133,3.972,-0.45185,53.2117,-4.31905,13.39670191,0.49280659,1.3798,0.00779102,4.16,0.089442719,19.64,0.45191321,0.306271269,0.181316649,0.001713192,0.629561947,60.51981209,61.87798048,3.29,457.55,82.85,168.5,0.00595,77.18540616,0.20018,27.9,-0.316169384,0.177270741,203.4833333,0.0052,-0.0167,-0.1323,-0.0536,0.0442,0.0548,0.0923,0.1057,1.684306569,0.198,2.088235294
H0S0,12,8,r,r8,tbi_r,tbi_r8,61.87798048,38.12201952,1.463163114,-0.330328714,-25.83059901,0.97894401,1.9956,-3.024575,52.1985,-1.197325,26.15679495,23.66336455,1.2302,0.013682105,5.9,0.187082869,16.84,0.45191321,0.306271269,0.181316649,0.001713192,0.629561947,60.51981209,61.87798048,3.29,457.55,82.85,168.5,0.00595,77.18540616,0.20018,27.9,-0.316169384,0.177270741,203.4833333,0.0129,0.0118,-0.0302,0.0016,0.0621,0.0635,0.1809,0.1303,2.848818898,0.3112,2.913043478
H0S0,3D,8,g,g8,tbi_g,tbi_g8,55.63614454,44.36385546,4.7,-2.39994121,-27.1,1.060136,5.04,-1.51985,53.48,-4.58735,10.61111111,3.27839739,1.511,0.078240015,3.14,0.602494813,20.66,0.413299411,0.548394255,0.251269183,0.026428412,0.586700589,55.63614454,40.31591728,3.05,456.8,77.7,193,0.0052,77.18540616,0.20018,28.58,-0.511947683,0.13642792,139.9333333,0.0148,0.0279,-0.0869,-0.0046,0.0538,0.0994,0.1377,0.1547,1.385311871,0.2924,2.559479554
H0S0,3D,8,r,r8,tbi_r,tbi_r8,40.31591728,59.68408272,1.8,-0.6671656,-26,1.148345,1.477987421,-2.506962421,49.74842767,1.25274733,33.65957447,16.16058503,0.779333333,0.00057735,16.6,0,6.14,0.413299411,0.548394255,0.251269183,0.026428412,0.586700589,55.63614454,40.31591728,3.05,456.8,77.7,193,0.0052,77.18540616,0.20018,28.58,-0.511947683,0.13642792,139.9333333,0.004,0.0109,-0.0642,-0.002,0.0532,0.0626,0.1469,0.1267,2.346645367,0.2736,2.761278195
H0S0,3W,8,g,g8,tbi_g,tbi_g8,62.07724966,37.92275034,3.1,-0.79994121,-27,0.960136,5.207407407,-1.687257407,45.75555556,3.13709444,8.786628736,5.102879764,1.161,0.009539392,6.9,0.173205081,16.9,0.461765534,0.553335474,0.163468235,0.038003286,0.538234466,62.07724966,39.7440693,3.263333333,471.6333333,83.1,192.3333333,0.0055,78.01607939,0.244916944,27.5,-0.245796966,0.075685421,345.8,0.0058,0.022,-0.1175,-0.0265,0.0448,0.0935,0.1071,0.1328,1.145454545,0.2399,2.390625
H0S0,3W,8,r,r8,tbi_r,tbi_r8,39.7440693,60.2559307,1.6,-0.4671656,-26,1.148345,1.402597403,-2.431572403,44.22727273,6.77390227,31.5324074,18.2877521,0.729,0.004760952,18.65,0.238047614,4.09,0.461765534,0.553335474,0.163468235,0.038003286,0.538234466,62.07724966,39.7440693,3.263333333,471.6333333,83.1,192.3333333,0.0055,78.01607939,0.244916944,27.5,-0.245796966,0.075685421,345.8,-0.0096,-0.0061,-0.1205,-0.0343,0.0396,0.0456,0.0906,0.0944,1.986842105,0.185,2.287878788
H0S0,12,50,g,g50,tbi_g,tbi_g50,59.13085835,40.86914165,3.224818867,-0.924760077,-27.07643371,1.03656971,4.3642,-0.84405,51.6738,-2.78115,11.84038312,2.04912538,1.33,0.01029563,4.68,0.130384048,19.12,0.439279866,0.588924196,0.204203141,0.007522386,0.560957714,59.13085835,36.58875981,3.4,452,80.7,104,0.00965,87.83675029,0.133226667,28.85,-0.316169384,0.177270741,203.4833333,0.0183,0.0229,-0.0982,-0.0116,0.0573,0.0944,0.1264,0.1477,1.338983051,0.2741,2.205933682
H0S0,12,50,r,r50,tbi_r,tbi_r50,36.58875981,63.41124019,1.171231589,-0.038397189,-25.9411166,1.0894616,1.3728,-2.401775,57.3647,-6.363525,41.78664044,8.03351906,1.0816,0.011653326,8.3,0.234520788,14.44,0.439279866,0.588924196,0.204203141,0.007522386,0.560957714,59.13085835,36.58875981,3.4,452,80.7,104,0.00965,87.83675029,0.133226667,28.85,-0.316169384,0.177270741,203.4833333,-0.0021,0.0057,-0.0976,-0.0134,0.0471,0.0574,0.1135,0.1153,1.977351916,0.2288,2.409766454
H0S0,3D,50,g,g50,tbi_g,tbi_g50,47.95867142,52.04132858,3.2,-0.89994121,-27.3,1.260136,4.460526316,-0.940376316,49.18421053,-0.29156053,11.02654867,2.86295983,1.8058,0.077612499,1.58,0.303315018,22.22,0.353054101,0.699395627,0.360409237,0.021186291,0.646945899,47.95867142,26.8571058,3.43,434.4,90.8,119,0.0084,87.83675029,0.133226667,28.97,-0.511947683,0.13642792,139.9333333,0.007,-0.0011,-0.1281,-0.0405,0.046,0.0704,0.0965,0.1188,1.370738636,0.2153,2.097826087
H0S0,3D,50,r,r50,tbi_r,tbi_r50,26.8571058,73.1428942,1.2,-0.0671656,-26,1.148345,1.19205298,-2.22102798,46.42384106,4.57733394,38.94444445,10.87571505,0.817666667,0.006658328,15.23333333,0.2081666,7.50666667,0.353054101,0.699395627,0.360409237,0.021186291,0.646945899,47.95867142,26.8571058,3.43,434.4,90.8,119,0.0084,87.83675029,0.133226667,28.97,-0.511947683,0.13642792,139.9333333,0.0074,0.0142,-0.04,0.0058,0.0566,0.0659,0.1711,0.1345,2.596358118,0.3056,3.022968198
H0S0,3W,50,g,g50,tbi_g,tbi_g50,71.37260143,28.62739857,3.1,-0.79994121,-27.9,1.860136,3.476821192,0.043328808,47.93377483,0.95887517,13.78666667,0.10284183,0.782333333,0.012423097,16.53333333,0.493288286,7.26666667,0.530614512,0.602411226,0.038741827,0.015372146,0.4693856,71.37260143,35.37317564,3.46,451.5666667,87.73333333,91.66666667,0.010933333,90.95456381,0.085973064,28.1,-0.245796966,0.075685421,345.8,0.0209,3.00E-04,-0.0927,4.00E-04,0.0599,0.0718,0.1319,0.1597,1.837047354,0.2916,2.202003339
H0S0,3W,50,r,r50,tbi_r,tbi_r50,35.37317564,64.62682436,1.1,0.0328344,-26.4,1.548345,1.070921986,-2.099896986,55.31914894,-4.31797394,51.65562913,-1.83546963,0.599333333,0.016258331,25.13333333,0.960902354,-2.39333333,0.530614512,0.602411226,0.038741827,0.015372146,0.4693856,71.37260143,35.37317564,3.46,451.5666667,87.73333333,91.66666667,0.010933333,90.95456381,0.085973064,28.1,-0.245796966,0.075685421,345.8,0.0174,0.033,-0.0124,0.0446,0.0666,0.0847,0.1987,0.1733,2.3459268,0.372,2.983483483
H0S0,6,50,g,g50,tbi_g,tbi_g50,63.34598657,36.65401343,3.3,-0.99994121,-27.4,1.360136,4.173333333,-0.653183333,49.1,-0.20735,11.76517572,2.12433278,2.0898,0.035052817,0.82,0.04472136,22.98,0.472515937,0.617810191,0.143992868,0.009192471,0.527532167,63.34598657,34.0904883,3.46,451.5666667,87.73333333,91.66666667,0.010933333,90.95456381,0.085973064,28.1,-0.379591651,0.172959653,242.8666667,0.0154,0.0174,-0.1042,-0.0079,0.0544,0.0889,0.1204,0.1514,1.354330709,0.2718,2.213235294
H0S0,6,50,r,r50,tbi_r,tbi_r50,34.0904883,65.9095117,1.8,-0.6671656,-26.1,1.248345,1.660493827,-2.689468827,51.77777778,-0.77660278,31.18215614,18.63800336,1.2386,0.027844209,5.78,0.376828874,16.96,0.472515937,0.617810191,0.143992868,0.009192471,0.527532167,63.34598657,34.0904883,3.46,451.5666667,87.73333333,91.66666667,0.010933333,90.95456381,0.085973064,28.1,-0.379591651,0.172959653,242.8666667,-0.0198,-0.0141,-0.1558,-0.0569,0.0294,0.0376,0.0553,0.0718,1.470744681,0.1271,1.880952381
H0S2,12,8,g,g8,tbi_g,tbi_g8,65.28945586,34.71054414,3.506683787,-1.206624997,-26.96591611,0.92605211,4.1633,-0.64315,48.5463,0.34635,11.66053371,2.22897479,2.2088,0.023626257,0.62,0.04472136,23.18,0.482182148,0.167188328,0.126481616,0.000872854,0.719253093,65.28945586,74.37621971,3.73,462.05,89.15,141.5,0.0072,76.1314745,0.217803215,26.41140572,-0.366169384,0.127270741,203.4833333,0.0085,0.0133,-0.1241,-0.0324,0.0475,0.0848,0.1005,0.1269,1.185141509,0.2274,2.115789474
H0S2,12,8,r,r8,tbi_r,tbi_r8,74.37621971,25.62378029,2.187958624,-1.055124224,-25.79041079,0.93875579,1.944,-2.972975,51.4499,-0.448725,26.46599794,23.35416156,1.7608,0.033274615,1.72,0.109544512,21.02,0.482182148,0.167188328,0.126481616,0.000872854,0.719253093,65.28945586,74.37621971,3.73,462.05,89.15,141.5,0.0072,76.1314745,0.217803215,26.41140572,-0.366169384,0.127270741,203.4833333,-0.0061,-8.00E-04,-0.103,-0.0305,0.0431,0.0509,0.1081,0.0982,2.123772102,0.2063,2.50812065
H0S2,3D,8,g,g8,tbi_g,tbi_g8,39.25770286,60.74229714,3.244952075,-0.944893285,-26.72478682,0.68492282,4.6288,-1.10865,51.7655,-2.87285,11.18335206,2.70615644,1.7736,0.041668933,1.72,0.164316767,22.08,0.28862585,0.424029679,0.477127083,4.94E-05,0.98608833,39.25770286,51.50035872,3.9,397.6,92.4,145,0.0069,71.37248154,0.174295238,26.43787425,-0.561947683,0.08642792,139.9333333,0.0031,0.0097,0.1281,0.0509,0.0359,0.0618,0.0965,0.1084,1.561488673,0.2049,2.688022284
H0S2,3D,8,r,r8,tbi_r,tbi_r8,51.50035872,48.49964128,0.879300064,0.253534336,-25.83059901,0.97894401,1.2495,-2.278475,49.028,1.973175,39.23809524,10.58206426,0.68825,0.009639329,20.525,0.457347425,2.215,0.28862585,0.424029679,0.477127083,4.94E-05,0.98608833,39.25770286,51.50035872,3.9,397.6,92.4,145,0.0069,71.37248154,0.174295238,26.43787425,-0.561947683,0.08642792,139.9333333,-0.0197,-0.0169,-0.1602,-0.0592,0.0295,0.0348,0.0509,0.0695,1.462643678,0.1204,1.725423729
H0S2,3W,8,g,g8,tbi_g,tbi_g8,66.03837798,33.96162202,3.32548491,-1.02542612,-26.58412806,0.54426406,6.2178,-2.69765,54.9617,-6.06905,8.839412654,5.050095846,1.0632,0.035660903,8.66,0.763544367,15.14,0.489814558,0.502334312,0.112654786,0.045926327,0.510185442,66.03837798,44.42413573,4.06,434.55,90.4,178.5,0.0057,78.01607939,0.244916944,26.01231917,-0.295796966,0.025685421,345.8,-0.0049,0.0011,-0.1508,-0.0623,0.0341,0.0726,0.0738,0.097,1.016528926,0.1708,2.164222874
H0S2,3W,8,r,r8,tbi_r,tbi_r8,44.42413573,55.57586427,1.513496135,-0.380661735,-25.9411166,1.0894616,1.6496,-2.678575,55.3989,-4.397725,33.5832323,16.2369272,0.7716,0.01422322,16.92,0.584807661,5.82,0.489814558,0.502334312,0.112654786,0.045926327,0.510185442,66.03837798,44.42413573,4.06,434.55,90.4,178.5,0.0057,78.01607939,0.244916944,26.01231917,-0.295796966,0.025685421,345.8,-0.021,-0.0193,-0.1557,-0.0649,0.0282,0.0324,0.0554,0.0638,1.709876543,0.1192,1.964539007
H0S2,12,50,g,g50,tbi_g,tbi_g50,59.49639309,40.50360691,3.838881729,-1.538822939,-26.99605728,0.95619328,4.4295,-0.90935,52.7637,-3.87105,11.91188622,1.97762228,2.2474,0.027915945,0.58,0.04472136,23.22,0.439784559,0.403065425,0.203288843,0.002819408,0.586444737,59.49639309,53.20287234,3.26,491.2,81.9,86,0.0197,87.23736785,0.145270357,27.8145693,-0.366169384,0.127270741,203.4833333,0.0094,0.0012,-0.1289,-0.0391,0.0484,0.0727,0.0957,0.1202,1.316368638,0.2159,1.977272727
H0S2,12,50,r,r50,tbi_r,tbi_r50,53.20287234,46.79712766,1.221564611,-0.088730211,-26.21238706,1.36073206,1.6604,-2.689375,55.1982,-4.197025,33.24391713,16.57624237,1.1832,0.348942259,9.18,0.752994024,13.56,0.439784559,0.403065425,0.203288843,0.002819408,0.586444737,59.49639309,53.20287234,3.26,491.2,81.9,86,0.0197,87.23736785,0.145270357,27.8145693,-0.366169384,0.127270741,203.4833333,-0.0211,-0.017,-0.1558,-0.0643,0.0281,0.0347,0.0553,0.0644,1.593659942,0.1197,1.96797153
H0S2,3D,50,g,g50,tbi_g,tbi_g50,51.48743001,48.51256999,3.224818867,-0.924760077,-26.8152103,0.7753463,5.2424,-1.72225,57.3283,-8.43565,10.93550664,2.95400186,1.692,0.032503846,2.02,0.178885438,21.78,0.381462218,0.762108873,0.308945257,0.010857572,0.618545128,51.48743001,21.0109219,3.45,439.2,85.1,84,0.0119,89.20376687,0.1058,28.14835165,-0.561947683,0.08642792,139.9333333,0.0067,0.0092,-0.1258,-0.036,0.0457,0.0807,0.0988,0.1233,1.224287485,0.2221,2.161925602
H0S2,3D,50,r,r50,tbi_r,tbi_r50,21.0109219,78.9890781,1.241697819,-0.108863419,-26.08177536,1.23012036,1.7701,-2.799075,56.9271,-5.925925,32.16038642,17.65977308,0.979,0.014159802,10.5,0.367423461,12.24,0.381462218,0.762108873,0.308945257,0.010857572,0.618545128,51.48743001,21.0109219,3.45,439.2,85.1,84,0.0119,89.20376687,0.1058,28.14835165,-0.561947683,0.08642792,139.9333333,0.0211,0.0361,-0.0283,0.0498,0.0703,0.0878,0.1828,0.1785,2.082004556,0.3613,2.600284495
H0S2,3W,50,g,g50,tbi_g,tbi_g50,72.68671622,27.31328378,2.74162186,-0.44156307,-27.94048036,1.90061636,3.346,0.17415,57.6714,-8.77875,17.23592349,-3.34641499,0.9948,0.011144505,10.12,0.268328157,13.68,0.538278465,0.596348408,0.024857854,0.015398544,0.461721646,72.68671622,36.00942051,3.77,457.8,92.2,83.5,0.01215,90.95456381,0.085973064,27.72022192,-0.295796966,0.025685421,345.8,0.0112,-0.0133,-0.1186,-0.0305,0.0502,0.0582,0.106,0.1288,1.821305842,0.2348,2.111553785
H0S2,3W,50,r,r50,tbi_r,tbi_r50,36.00942051,63.99057949,1.130965172,0.001869228,-26.12196357,1.27030857,0.9476,-1.976575,50.792,0.209175,53.60067539,-3.78051589,0.561,0.004123106,27.48,0.248997992,-4.74,0.538278465,0.596348408,0.024857854,0.015398544,0.461721646,72.68671622,36.00942051,3.77,457.8,92.2,83.5,0.01215,90.95456381,0.085973064,27.72022192,-0.295796966,0.025685421,345.8,-0.0026,-0.0051,-0.1149,-0.0257,0.0466,0.0466,0.0962,0.103,2.064377682,0.1992,2.064377682
H2S0,12,8,g,g8,tbi_g,tbi_g8,68.28068009,31.71931991,2.973153759,-0.673094969,-27.19699836,1.15713436,3.5485,-0.02835,47.803,1.08965,13.47132591,0.41818259,1.4346,0.006503845,3.7,0.070710678,20.1,0.50498259,0.486957463,0.085176468,0.011335937,0.495023438,68.28068009,45.86050101,3.56,443.6,67.9,102.5,0.00975,85.97435797,0.175149286,28.40116279,-0.00241371,0.17143957,203.4833333,0.0095,-0.0047,-0.127,-0.0437,0.0485,0.0668,0.0976,0.1156,1.461077844,0.2132,2.012371134
H2S0,12,8,r,r8,tbi_r,tbi_r8,45.86050101,54.13949899,1.030299129,0.102535271,-25.88083428,1.02917928,1.0552,-2.084175,50.788,0.213175,48.13115997,1.68899953,0.6394,0.000547723,22.96,0.054772256,-0.22,0.50498259,0.486957463,0.085176468,0.011335937,0.495023438,68.28068009,45.86050101,3.56,443.6,67.9,102.5,0.00975,85.97435797,0.175149286,28.40116279,-0.00241371,0.17143957,203.4833333,0,0.0116,-0.0782,-0.0051,0.0492,0.0633,0.1329,0.1236,2.099526066,0.2565,2.701219512
H2S0,3D,8,g,g8,tbi_g,tbi_g8,64.16951231,35.83048769,3.315418306,-1.015359516,-26.71473976,0.67487576,5.4238,-1.90365,52.9538,-4.06115,9.763228733,4.126279767,1.0038,0.014042792,9.92,0.327108545,13.88,0.478261883,0.592249014,0.133583546,0.021271013,0.521738117,64.16951231,36.3786154,3.38,439.4,84.4,166,0.006,81.86682887,0.224295238,28.11072493,-0.222416869,0.22010201,139.9333333,0.0108,0.0256,-0.109,-0.0268,0.0498,0.0971,0.1156,0.1325,1.190525232,0.2481,2.321285141
H2S0,3D,8,r,r8,tbi_r,tbi_r8,36.3786154,63.6213846,1.765161243,-0.632326843,-25.86074017,1.00908517,1.2478,-2.276775,57.3557,-6.354525,45.96545921,3.85470029,0.572,0.009565563,26.78,0.63007936,-4.04,0.478261883,0.592249014,0.133583546,0.021271013,0.521738117,64.16951231,36.3786154,3.38,439.4,84.4,166,0.006,81.86682887,0.224295238,28.11072493,-0.222416869,0.22010201,139.9333333,-0.019,-0.0188,-0.1645,-0.064,0.0302,0.0329,0.0466,0.0647,1.416413374,0.1113,1.543046358
H2S0,3W,8,g,g8,tbi_g,tbi_g8,73.26991307,26.73008693,3.2,-0.89994121,-27.2,1.160136,5.535714286,-2.015564286,51.75714286,-2.86449286,9.349677419,4.539831081,0.90825,0.009429563,12.325,0.287228132,11.475,0.544508349,0.575373604,0.013571831,0.016815286,0.455491678,73.26991307,37.88203592,3.4,504.85,90.35,120,0.00845,85,0.14612982,28.56680254,0.022159019,0.072310396,345.8,0.0322,0.0501,-0.0641,0.06,0.0712,0.1216,0.1605,0.2193,1.319901316,0.3798,2.254213483
H2S0,3W,8,r,r8,tbi_r,tbi_r8,37.88203592,62.11796408,1.2,-0.0671656,-26.4,1.548345,0.947712418,-1.976687418,46.35294118,4.64823382,48.91034485,0.90981465,0.609,0.028059461,24.65,1.580084386,-1.91,0.544508349,0.575373604,0.013571831,0.016815286,0.455491678,73.26991307,37.88203592,3.4,504.85,90.35,120,0.00845,85,0.14612982,28.56680254,0.022159019,0.022159019,345.8,0.0022,0.0395,-0.0506,0.0314,0.0514,0.0912,0.1605,0.1601,1.759868421,0.3206,3.122568093
H2S0,6,8,g,g8,tbi_g,tbi_g8,77.52134897,22.47865103,3.3,-0.99994121,-27.3,1.260136,4.767605634,-1.247455634,49.47183099,-0.57918099,10.37666174,3.51284676,1.3522,0.026138095,4.44,0.270185122,19.36,0.509981932,0.554212791,0.076119688,0.011513635,0.490023164,68.68375235,39.76145324,3.4,504.85,90.35,120,0.00845,85,0.14612982,28.34924207,-0.100845348,0.204730586,242.8666667,0.0182,0.0358,-0.0943,0.0027,0.0572,0.1073,0.1303,0.162,1.214352283,0.2923,2.277972028
H2S0,6,8,r,r8,tbi_r,tbi_r8,51.00205492,48.99794508,1,0.1328344,-26.1,1.248345,1.226993865,-2.255968865,41.82822086,9.17295414,34.09,15.7301595,0.5015,0.007767453,31.525,0.531507291,-8.785,0.509981932,0.554212791,0.076119688,0.011513635,0.490023164,68.68375235,39.76145324,3.4,504.85,90.35,120,0.00845,85,0.14612982,28.34924207,-0.100845348,0.204730586,242.8666667,0.002,0.037,-0.0375,0.0303,0.0512,0.0887,0.1736,0.159,1.957158963,0.3326,3.390625
H2S0,12,50,g,g50,tbi_g,tbi_g50,78.90098608,21.09901392,2.449690336,-0.149631546,-27.58883346,1.54896946,2.36,1.16015,52.8215,-3.92885,22.38199153,-8.49248303,0.8722,0.002588436,13.42,0.109544512,10.38,0.585007857,0.5109587,-0.059796842,0.004952399,0.419126064,78.90098608,43.71052209,3.56,443.15,79.45,87,0.01155,90.84729114,0.1070575,28.14552396,-0.00241371,0.17143957,203.4833333,-0.0388,-0.0043,0.0575,-0.0292,0.0778,0.0758,0.1671,0.1885,2.204485488,0.3556,2.14781491
H2S0,12,50,r,r50,tbi_r,tbi_r50,43.71052209,56.28947791,0.285370411,0.847463989,-26.01144598,1.15979098,0.6631,-1.692075,49.6498,1.351375,74.87528276,-25.05512326,0.524,0.008336666,29.92,0.589067059,-7.18,0.585007857,0.5109587,-0.059796842,0.004952399,0.419126064,78.90098608,43.71052209,3.56,443.15,79.45,87,0.01155,90.84729114,0.1070575,28.14552396,-0.00241371,0.17143957,203.4833333,0.0107,0.007,-0.0765,0.0072,0.0599,0.0587,0.1346,0.1359,2.293015332,0.2705,2.247078464
H2S0,3D,50,g,g50,tbi_g,tbi_g50,69.43190854,30.56809146,3.134219428,-0.834160638,-26.71473976,0.67487576,5.6816,-2.16145,57.6584,-8.76575,10.14826809,3.74124041,0.7842,0.009257429,16.42,0.389871774,7.38,0.516175782,0.615194136,0.064898945,0.01520478,0.483824347,69.43190854,34.23037202,3.28,441.2,82.8,113,0.0089,90.46604618,0.079704762,28.11966236,-0.222416869,0.22010201,139.9333333,0.0266,0.0258,-0.0885,0.0105,0.0656,0.0973,0.1361,0.1698,1.398766701,0.3059,2.074695122
H2S0,3D,50,r,r50,tbi_r,tbi_r50,34.23037202,65.76962798,1.493362927,-0.360528527,-26.11191652,1.26026152,1.4223,-2.451275,56.0348,-5.033625,39.39731421,10.42284529,0.5752,0.004604346,26.6,0.282842713,-3.86,0.516175782,0.615194136,0.064898945,0.01520478,0.483824347,69.43190854,34.23037202,3.28,441.2,82.8,113,0.0089,90.46604618,0.079704762,28.11966236,-0.222416869,0.22010201,139.9333333,-0.011,-0.0058,-0.1345,-0.0384,0.0382,0.0459,0.0766,0.0903,1.668845316,0.1669,2.005235602
H2S0,3W,50,g,g50,tbi_g,tbi_g50,67.45054407,32.54945593,3,-0.69994121,-27,0.960136,5.262411348,-1.742261348,45.19858156,3.69406844,8.588948786,5.300559714,0.843666667,0.007094599,14.33333333,0.251661148,9.46666667,0.49977964,0.615802093,0.094602102,0.016268771,0.500220403,74.49267522,34.26256246,3.5325,498.55,94.975,96.5,0.01045,92,0.158164041,28.17996374,0.022159019,0.022159019,345.8,0.0265,0.0377,-0.0693,0.037,0.0655,0.1092,0.1553,0.1963,1.422161172,0.3516,2.370992366
H2S0,3W,50,r,r50,tbi_r,tbi_r50,34.26256246,65.73743754,1.3,-0.1671656,-26.1,1.248345,1.16875,-2.197725,44.34375,6.657425,37.94117647,11.87898303,0.6425,0.007325754,22.775,0.403112887,-0.035,0.49977964,0.615802093,0.094602102,0.016268771,0.500220403,74.49267522,34.26256246,3.5325,498.55,94.975,96.5,0.01045,92,0.158164041,28.17996374,0.022159019,0.022159019,345.8,0.0082,0.0566,-0.0084,0.055,0.0574,0.1083,0.2027,0.1837,1.871652816,0.3864,3.531358885
H2S0,6,50,g,g50,tbi_g,tbi_g50,87.43198745,12.56801255,2.7,-0.39994121,-27.9,1.860136,2.740506329,0.779643671,51.5443038,-2.6516538,18.80831409,-4.91880559,0.832,0.00294392,14.7,0.081649658,9.1,0.578130437,0.537487672,-0.047337748,0.008941705,0.421945193,77.8327676,41.27880058,3.5325,498.55,94.975,96.5,0.01045,92,0.158164041,28.15118483,-0.100845348,0.204730586,242.8666667,0.0381,0.0083,-0.0635,0.0537,0.0771,0.0798,0.1611,0.213,2.018796992,0.3741,2.089494163
H2S0,6,50,r,r50,tbi_r,tbi_r50,41.27880058,58.72119942,0.7,0.4328344,-26.2,1.348345,0.770833333,-1.799808333,49.77083333,1.23034167,64.56756759,-14.74740809,0.478,0.008717798,33.26666667,0.665832812,-10.52666667,0.578130437,0.537487672,-0.047337748,0.008941705,0.421945193,77.8327676,41.27880058,3.5325,498.55,94.975,96.5,0.01045,92,0.158164041,28.15118483,-0.100845348,0.204730586,242.8666667,0.0319,0.0204,0.0127,0.0613,0.0811,0.0721,0.2238,0.19,3.104022191,0.4138,2.759556104
H2S2,12,8,g,g8,tbi_g,tbi_g8,68.38283828,31.61716172,3.023486781,-0.723427991,-27.31756301,1.27769901,3.5903,-0.07015,50.9694,-2.07675,14.19641813,-0.30690963,1.5988,0.047504737,2.54,0.279284801,21.26,0.508153087,0.484862296,0.079432813,0.011745404,0.49185094,68.38283828,45.97726995,3.38,477.5,83.8,108,0.0093,85.97435797,0.175149286,26.86460957,-0.00241371,0.17143957,203.4833333,0.0114,0.0067,-0.097,-0.0218,0.0504,0.0782,0.1276,0.1375,1.631713555,0.2651,2.531746032
H2S2,12,8,r,r8,tbi_r,tbi_r8,45.97726995,54.02273005,1.644361991,-0.511527591,-26.46356341,1.61190841,0.9058,-1.934775,54.8647,-3.863525,60.57043497,-10.75027547,0.743,0.005567764,18.06666667,0.251661148,4.67333333,0.508153087,0.484862296,0.079432813,0.011745404,0.49185094,68.38283828,45.97726995,3.38,477.5,83.8,108,0.0093,85.97435797,0.175149286,26.86460957,-0.00241371,0.17143957,203.4833333,0.0062,0.0101,-0.0547,0.0156,0.0554,0.0618,0.1564,0.1443,2.530744337,0.3007,2.823104693
H2S2,3D,8,g,g8,tbi_g,tbi_g8,62.00681929,37.99318071,3.104019615,-0.803960825,-26.75492798,0.71506398,4.8901,-1.36995,52.9781,-4.08545,10.83374573,3.05576277,1.8062,0.020376457,1.54,0.089442719,22.26,0.462819332,0.500617826,0.161559181,0.028203381,0.537180668,62.00681929,44.5718461,3.22,452.2,88.9,132,0.0076,81.86682887,0.224295238,26.03807044,-0.222416869,0.22010201,139.9333333,0.0086,0.0394,-0.0633,-0.0172,0.0476,0.1109,0.1613,0.1421,1.454463481,0.3034,3.388655462
H2S2,3D,8,r,r8,tbi_r,tbi_r8,44.5718461,55.4281539,1.634295387,-0.501460987,-26.10186947,1.25021447,1.3764,-2.405375,52.1694,-1.168225,37.90278989,11.91736961,0.786666667,0.004725816,16.33333333,0.2081666,6.40666667,0.462819332,0.500617826,0.161559181,0.028203381,0.537180668,62.00681929,44.5718461,3.22,452.2,88.9,132,0.0076,81.86682887,0.224295238,26.03807044,-0.222416869,0.22010201,139.9333333,0.0109,0.038,-0.0341,0.0338,0.0601,0.0897,0.177,0.1625,1.973244147,0.3395,2.945091514
H2S2,3W,8,g,g8,tbi_g,tbi_g8,75.25103258,24.74896742,3.033553385,-0.733494595,-27.39793944,1.35807544,4.0632,-0.54305,59.1589,-10.26625,14.55968202,-0.67017352,1.0326,0.017910891,9.28,0.408656335,14.52,0.560370536,0.539120891,-0.015164014,0.019205853,0.439629467,75.25103258,41.07376862,3.4,504.85,90.35,120,0.00845,85,0.14612982,27.20391757,0.022159019,0.072310396,345.8,-0.0019,-0.0317,-0.1626,-0.0772,0.0371,0.0398,0.062,0.0821,1.557788945,0.1441,1.67115903
H2S2,3W,8,r,r8,tbi_r,tbi_r8,41.07376862,58.92623138,0.365903245,0.766931155,-25.87078722,1.01913222,0.6577,-1.686675,48.1105,2.890675,73.14961229,-23.32945279,0.60025,0.005909033,25.1,0.355902608,-2.36,0.560370536,0.539120891,-0.015164014,0.019205853,0.439629467,75.25103258,41.07376862,3.4,504.85,90.35,120,0.00845,85,0.14612982,27.20391757,0.022159019,0.072310396,345.8,-0.0096,-0.0131,-0.1444,-0.0437,0.0396,0.0386,0.0667,0.085,1.727979275,0.1517,1.684343434
H2S2,12,50,g,g50,tbi_g,tbi_g50,77.55506902,22.44493098,2.610756004,-0.310697214,-27.96057446,1.92071046,2.4305,1.08965,58.0557,-9.16305,23.88631969,-9.99681119,1.0988,0.040579552,7.98,0.746324326,15.82,0.576386677,0.525963785,-0.044178762,0.004735277,0.428674007,77.55506902,42.22251514,3.365,473.8,87.85,89,0.0113,90.84729114,0.1070575,27.5631995,-0.00241371,0.17143957,203.4833333,0.0459,0.0132,-0.0256,0.0583,0.0849,0.0847,0.199,0.2176,2.349468713,0.4166,2.34393404
H2S2,12,50,r,r50,tbi_r,tbi_r50,42.22251514,57.77748486,-0.13742697,1.27026137,-25.89088133,1.03922633,0.6449,-1.673875,56.9885,-5.987325,88.36796403,-38.54780453,0.3735,0.009036961,42.275,0.865544145,-19.535,0.576386677,0.525963785,-0.044178762,0.004735277,0.428674007,77.55506902,42.22251514,3.365,473.8,87.85,89,0.0113,90.84729114,0.1070575,27.5631995,-0.00241371,0.17143957,203.4833333,0.0391,0.0223,-0.0218,0.0747,0.0883,0.074,0.1893,0.2034,2.558108108,0.3927,2.14382786
H2S2,3D,50,g,g50,tbi_g,tbi_g50,76.11497889,23.88502111,2.973153759,-0.673094969,-27.59888052,1.55901652,3.1755,0.34465,44.8019,4.09075,14.10861282,-0.21910432,1.0622,0.01728294,8.68,0.327108545,15.12,0.564943325,0.581780606,-0.023448052,0.014979696,0.435056851,76.11497889,37.26005661,3.5,443.3,94.1,104,0.0096,90.46604618,0.079704762,27.00719246,-0.222416869,0.22010201,139.9333333,0.0328,0.0061,-0.0871,0.01,0.0718,0.0776,0.1375,0.1693,1.771907216,0.3068,1.915041783
H2S2,3D,50,r,r50,tbi_r,tbi_r50,37.26005661,62.73994339,1.292030841,-0.159196441,-25.85069312,0.99903812,0.9477,-1.976675,47.2105,3.790675,49.81587,0.0042895,0.7704,0.013885244,16.98,0.554075807,5.76,0.564943325,0.581780606,-0.023448052,0.014979696,0.435056851,76.11497889,37.26005661,3.5,443.3,94.1,104,0.0096,90.46604618,0.079704762,27.00719246,-0.222416869,0.22010201,139.9333333,0.0295,0.046,-0.0052,0.0648,0.0787,0.0977,0.2059,0.1935,2.107471853,0.3994,2.616264295
H2S2,3W,50,g,g50,tbi_g,tbi_g50,62.90575299,37.09424701,3.104019615,-0.803960825,-26.93577495,0.89591095,4.9531,-1.43295,55.8559,-6.96325,11.27695786,2.61255064,1.1188,0.014254824,7.62,0.228035085,16.18,0.469617801,0.511525706,0.149243114,0.03572291,0.530382199,62.90575299,43.59240944,3.5325,498.55,94.975,96.5,0.01045,92,0.158164041,27.6861413,0.022159019,0.072310396,345.8,0.018,-0.0056,-0.1147,-0.0287,0.057,0.0659,0.1099,0.1306,1.6676783,0.2405,1.928070175
H2S2,3W,50,r,r50,tbi_r,tbi_r50,43.59240944,56.40759056,0.919566482,0.213267918,-25.76026963,0.90861463,0.8141,-1.843075,48.2038,2.797375,59.21115342,-9.39099392,0.553,0.013880442,27.675,0.340342964,-4.935,0.469617801,0.511525706,0.149243114,0.03572291,0.530382199,62.90575299,43.59240944,3.5325,498.55,94.975,96.5,0.01045,92,0.158164041,27.6861413,0.022159019,0.072310396,345.8,0.0145,0.0086,-0.0807,0.0145,0.0637,0.0603,0.1304,0.1432,2.16252073,0.2736,2.047095761